Workbook

Sheet Sheet1
C1: Cost | D1: Qty | E1: Per sensor
B2: TcA Sensor | C2: 7527 | D2: 1 | E2: =+C2*D2 -> 7527 | K2: Glue | L2: 10 | M2: senors
B3: HF+2 Sensor | C3: 10934 | D3: 1 | E3: =+C3*D3 -> 10934 | F3: High Speed | K3: Nozzles | L3: =4*72 -> 288 | M3: sensors
B4: Gateway | C4: 20480 | D4: 1 | E4: =+C4*D4 -> 20480 | K4: Initial setup | L4: Softwa
B5: Steel base (1 / sensor) | C5: 130 | D5: 1 | E5: =+C5*D5 -> 130 | K5: Installation per day ( 2 people, 20-25 sensors per day) | L5: 15295
B6: Spacer (1 per sensor) | C6: 285 | D6: 1 | E6: =+C6*D6 -> 285 | K6: Travel | L6: 18988
B7: Glue (1 tube =10 sensors) | C7: 5600 | D7: 0.1 | E7: =+C7*D7 -> 560 | K7: Accommodation / day | L7: 2200
B8: Nozzle Box | C8: 2952 | D8: =1/288 -> 0.0034722222 | E8: =+C8*D8 -> 10.25 | K8: Gateway - 100 sensors
B10: Initial setup | C10: 9600 | K10: Motors en Ratkaste
B11: Travel | C11: 16512 | E11: Days | K11: Pulleys
B12: Accommodation / day | C12: 2200 | E12: Days
B13: Installation per day (2 people) | C13: 13300 | E13: Days | F13: 20-25 sensors per day | K13: power supply = 220V
K15: Alarms en trends. Can get free excess. No license fees. No yearly fees.
K16: Monitoring sevrice = once off cost. + R3.8k per sensor per year
K17: Users. Unlimited

Sheet Sheet1 (2)
B1: N2 | F1: # Pulleys | G1: # Sensors | H1: # Gateways | I1: Sensor cost | J1: Base & Spacer | K1: Consumables | L1: Gateway | M1: # Days | N1: Labour Cost | O1: Accommodation | P1: Total Parts & Labour
B2: Crusher feed belt at 2W plant | F2: 4 | G2: =F2*2 -> 8 | H2: 1 | I2: =+G2*Sheet1!$E$2 -> 60216 | J2: =+(Sheet1!$E$5+Sheet1!$E$6)*G2 -> 3320 | K2: =+(Sheet1!$E$7+Sheet1!$E$8)*G2 -> 4562 | L2: =+Sheet1!$E$4*H2 -> 20480 | M2: 2 | N2: =+M2*Sheet1!$C$13 -> 26600 | O2: =+M2*Sheet1!$C$12 -> 4400 | P2: =+N2+L2+K2+J2+I2 -> 115178
B3: Orepass feed belt andd | F3: 16 | G3: =F3*2 -> 32 | H3: 2 | I3: =+G3*Sheet1!$E$2 -> 240864 | J3: =+(Sheet1!$E$5+Sheet1!$E$6)*G3 -> 13280 | K3: =+(Sheet1!$E$7+Sheet1!$E$8)*G3 -> 18248 | L3: =+Sheet1!$E$4*H3 -> 40960 | M3: 3 | N3: =+M3*Sheet1!$C$13 -> 39900 | O3: =+M3*Sheet1!$C$12 -> 6600 | P3: =+N3+L3+K3+J3+I3 -> 353252
N4: TOTAL | P4: =SUM(P2:P3) -> 468430
N5: ONCE OFF
N6: Travel | P6: =+Sheet1!$C$11 -> 16512
N7: Initial setup | P7: =+Sheet1!$C$10 -> 9600
M9: N2 | N9: GRAND TOTAL | P9: =+P4+P6+P7 -> 494542
B12: N3 | F12: # Pulleys | G12: # Sensors | H12: # Gateways | I12: Sensor cost | J12: Base & Spacer | K12: Consumables | L12: Gateway | M12: # Days | N12: Labour Cost | O12: Accommodation | P12: Total Parts & Labour
B13: All split bearings on new belt drive pulleys | F13: 7 | G13: 14 | H13: 7 | I13: =+G13*Sheet1!$E$2 -> 105378 | J13: =+(Sheet1!$E$5+Sheet1!$E$6)*G13 -> 5810 | K13: =+(Sheet1!$E$7+Sheet1!$E$8)*G13 -> 7983.5 | L13: =+Sheet1!$E$4*H13 -> 143360 | M13: 7 | N13: =+M13*Sheet1!$C$13 -> 93100 | O13: =+M13*Sheet1!$C$12 -> 15400 | P13: =+N13+L13+K13+J13+I13 -> 355631.5
N14: ONCE OFF
N15: Travel | P15: =+Sheet1!$C$11 -> 16512
N16: Initial setup | P16: =+Sheet1!$C$10 -> 9600
M17: N3 | N17: GRAND TOTAL | P17: =+P16+P15+P13 -> 381743.5
B20: Gloria | F20: # Pulleys | G20: # Sensors | H20: # Gateways | I20: Sensor cost | J20: Base & Spacer | K20: Consumables | L20: Gateway | M20: # Days | N20: Labour Cost | O20: Accommodation | P20: Total Parts & Labour
B21: 1. CV78 | F21: 8 | G21: 16 | H21: 1 | I21: =+G21*Sheet1!$E$2 -> 120432 | J21: =+(Sheet1!$E$5+Sheet1!$E$6)*G21 -> 6640 | K21: =+(Sheet1!$E$7+Sheet1!$E$8)*G21 -> 9124 | L21: =+Sheet1!$E$4*H21 -> 20480 | M21: 7 | N21: =+M21*Sheet1!$C$13 -> 93100 | O21: =+M21*Sheet1!$C$12 -> 15400 | P21: =+N21+L21+K21+J21+I21 -> 249776
B22: 2. CV75 | F22: 9 | G22: 18 | H22: 1 | I22: =+G22*Sheet1!$E$2 -> 135486 | J22: =+(Sheet1!$E$5+Sheet1!$E$6)*G22 -> 7470 | K22: =+(Sheet1!$E$7+Sheet1!$E$8)*G22 -> 10264.5 | L22: =+Sheet1!$E$4*H22 -> 20480 | M22: 7 | N22: =+M22*Sheet1!$C$13 -> 93100 | O22: =+M22*Sheet1!$C$12 -> 15400 | P22: =+N22+L22+K22+J22+I22 -> 266800.5
B23: 3. CV51 | F23: 8 | G23: 16 | H23: 1 | I23: =+G23*Sheet1!$E$2 -> 120432 | J23: =+(Sheet1!$E$5+Sheet1!$E$6)*G23 -> 6640 | K23: =+(Sheet1!$E$7+Sheet1!$E$8)*G23 -> 9124 | L23: =+Sheet1!$E$4*H23 -> 20480 | M23: 7 | N23: =+M23*Sheet1!$C$13 -> 93100 | O23: =+M23*Sheet1!$C$12 -> 15400 | P23: =+N23+L23+K23+J23+I23 -> 249776
B24: 4. CV10 | F24: 1 | G24: 2 | H24: 1 | I24: =+G24*Sheet1!$E$2 -> 15054 | J24: =+(Sheet1!$E$5+Sheet1!$E$6)*G24 -> 830 | K24: =+(Sheet1!$E$7+Sheet1!$E$8)*G24 -> 1140.5 | L24: =+Sheet1!$E$4*H24 -> 20480 | M24: 7 | N24: =+M24*Sheet1!$C$13 -> 93100 | O24: =+M24*Sheet1!$C$12 -> 15400 | P24: =+N24+L24+K24+J24+I24 -> 130604.5
N25: ONCE OFF
N26: Travel | P26: =+Sheet1!$C$11 -> 16512
N27: Initial setup | P27: =+Sheet1!$C$10 -> 9600
M28: Gloria | N28: GRAND TOTAL | P28: =+P27+P26+P24+P21+P22+P23 -> 923069
B33: N3 Current
B34: R3.3m | C34: 13 belts
B35: All UG belts
B36: Decline completed
